category,object,name,constellation,best,iso,in_milky_way,naked_eye,binoculars,telescope
messier,M45,M45 — Pleiades,Tau,2026-01-01,2026-W01-4,no,An obvious compact star group to the unaided eye; count how many Pleiads you can distinguish.,An excellent binocular target: the cluster separates from the field and its brightest members begin to stand out.,Low to moderate power resolves many more members; use a wide field first so the cluster remains visually coherent.
bayer,α Hor,α Hor,Hor,2026-01-07,2026-W02-3,no,Readily visible unaided under ordinary dark-sky conditions; identify it from the surrounding constellation pattern.,Binoculars isolate the star from the surrounding pattern and make star-hopping easier.,A telescope sharpens the local field and helps inspect nearby companions; the star itself remains an unresolved point of light.
bayer,α Ret,α Ret,Ret,2026-01-07,2026-W02-3,no,Readily visible unaided under ordinary dark-sky conditions; identify it from the surrounding constellation pattern.,Binoculars isolate the star from the surrounding pattern and make star-hopping easier.,A telescope sharpens the local field and helps inspect nearby companions; the star itself remains an unresolved point of light.
bayer,α Dor,α Dor,Dor,2026-01-12,2026-W03-1,no,Readily visible unaided under ordinary dark-sky conditions; identify it from the surrounding constellation pattern.,Binoculars isolate the star from the surrounding pattern and make star-hopping easier.,A telescope sharpens the local field and helps inspect nearby companions; the star itself remains an unresolved point of light.
bayer,α Tau,α Tau — Aldebaran,Tau,2026-01-12,2026-W03-1,no,Bright and easy to see unaided; use Aldebaran as a primary landmark for the surrounding constellation.,Binoculars isolate the star from the surrounding pattern and make star-hopping easier.,A telescope sharpens the local field and helps inspect nearby companions; the star itself remains an unresolved point of light.
bayer,α Cae,α Cae,Cae,2026-01-13,2026-W03-2,no,"Visible unaided from a reasonably dark site, but easier after full dark adaptation.",Binoculars isolate the star from the surrounding pattern and make star-hopping easier.,A telescope sharpens the local field and helps inspect nearby companions; the star itself remains an unresolved point of light.
bayer,β Cae,β Cae,Cae,2026-01-14,2026-W03-3,no,"Visible unaided from a reasonably dark site, but easier after full dark adaptation.",Binoculars isolate the star from the surrounding pattern and make star-hopping easier.,A telescope sharpens the local field and helps inspect nearby companions; the star itself remains an unresolved point of light.
bayer,α Cam,α Cam,Cam,2026-01-17,2026-W03-6,no,"Visible unaided from a reasonably dark site, but easier after full dark adaptation.",Binoculars isolate the star from the surrounding pattern and make star-hopping easier.,A telescope sharpens the local field and helps inspect nearby companions; the star itself remains an unresolved point of light.
bayer,β Cam,β Cam,Cam,2026-01-19,2026-W04-1,no,"Visible unaided from a reasonably dark site, but easier after full dark adaptation.",Binoculars isolate the star from the surrounding pattern and make star-hopping easier.,A telescope sharpens the local field and helps inspect nearby companions; the star itself remains an unresolved point of light.
bayer,β Men,β Men,Men,2026-01-19,2026-W04-1,no,"Visible unaided from a reasonably dark site, but easier after full dark adaptation.",Binoculars isolate the star from the surrounding pattern and make star-hopping easier.,A telescope sharpens the local field and helps inspect nearby companions; the star itself remains an unresolved point of light.
bayer,β Eri,β Eri — Cursa,Eri,2026-01-20,2026-W04-2,no,Readily visible unaided under ordinary dark-sky conditions; identify it from the surrounding constellation pattern.,Binoculars isolate the star from the surrounding pattern and make star-hopping easier.,A telescope sharpens the local field and helps inspect nearby companions; the star itself remains an unresolved point of light.
bayer,β Ori,β Ori — Rigel,Ori,2026-01-21,2026-W04-3,no,Bright and easy to see unaided; use Rigel as a primary landmark for the surrounding constellation.,Binoculars isolate the star from the surrounding pattern and make star-hopping easier.,A telescope sharpens the local field and helps inspect nearby companions; the star itself remains an unresolved point of light.
bayer,α Aur,α Aur — Capella,Aur,2026-01-22,2026-W04-4,no,Bright and easy to see unaided; use Capella as a primary landmark for the surrounding constellation.,Binoculars isolate the star from the surrounding pattern and make star-hopping easier.,A telescope sharpens the local field and helps inspect nearby companions; the star itself remains an unresolved point of light.
bayer,β Tau,β Tau — Elnath,Tau,2026-01-24,2026-W04-6,yes,Bright and easy to see unaided; use Elnath as a primary landmark for the surrounding constellation.,"Binoculars isolate the star from the surrounding pattern and make star-hopping easier. The field lies within the Almanack's visible Milky Way boundary, so the background is especially star-rich.",A telescope sharpens the local field and helps inspect nearby companions; the star itself remains an unresolved point of light.
messier,M79,M79,Lep,2026-01-24,2026-W04-6,no,Not normally a naked-eye target; use the surrounding star pattern to reach its position.,"Appears as a compact, round glow with a brighter center; steady binocular support improves detection.","Moderate to high power concentrates the core and, with sufficient aperture and good seeing, begins to resolve stars around the outskirts."
bayer,β Lep,β Lep — Nihal,Lep,2026-01-25,2026-W04-7,no,Readily visible unaided under ordinary dark-sky conditions; identify it from the surrounding constellation pattern.,Binoculars isolate the star from the surrounding pattern and make star-hopping easier.,A telescope sharpens the local field and helps inspect nearby companions; the star itself remains an unresolved point of light.
messier,M38,M38,Aur,2026-01-25,2026-W04-7,yes,Not normally a distinct naked-eye object; locate the surrounding constellation first.,"An excellent binocular target: the cluster separates from the field and its brightest members begin to stand out. The field lies within the Almanack's visible Milky Way boundary, so the background is especially star-rich.",Low to moderate power resolves many more members; use a wide field first so the cluster remains visually coherent.
bayer,α Lep,α Lep — Arneb,Lep,2026-01-26,2026-W05-1,no,Readily visible unaided under ordinary dark-sky conditions; identify it from the surrounding constellation pattern.,Binoculars isolate the star from the surrounding pattern and make star-hopping easier.,A telescope sharpens the local field and helps inspect nearby companions; the star itself remains an unresolved point of light.
bayer,β Dor,β Dor,Dor,2026-01-26,2026-W05-1,no,Readily visible unaided under ordinary dark-sky conditions; identify it from the surrounding constellation pattern.,Binoculars isolate the star from the surrounding pattern and make star-hopping easier.,A telescope sharpens the local field and helps inspect nearby companions; the star itself remains an unresolved point of light.
messier,M1,M1 — Crab Nebula,Tau,2026-01-26,2026-W05-1,no,Not normally visible as a distinct nebula to the unaided eye.,Look for a low-contrast patch against the surrounding field; dark adaptation matters more than high magnification.,Use low to moderate power to trace the nebular form; a suitable narrowband nebula filter can improve contrast on emission-rich regions.
messier,M42,M42 — Great Nebula in Orion,Ori,2026-01-26,2026-W05-1,no,Visible unaided as the hazy middle 'star' of Orion's Sword beneath the Belt.,Look for a low-contrast patch against the surrounding field; dark adaptation matters more than high magnification.,Use low to moderate power to trace the nebular form; a suitable narrowband nebula filter can improve contrast on emission-rich regions.
messier,M43,M43 — De Mairan's Nebula,Ori,2026-01-26,2026-W05-1,no,Not normally visible as a distinct nebula to the unaided eye.,Look for a low-contrast patch against the surrounding field; dark adaptation matters more than high magnification.,Use low to moderate power to trace the nebular form; a suitable narrowband nebula filter can improve contrast on emission-rich regions.
bayer,α Col,α Col — Phact,Col,2026-01-27,2026-W05-2,no,Readily visible unaided under ordinary dark-sky conditions; identify it from the surrounding constellation pattern.,Binoculars isolate the star from the surrounding pattern and make star-hopping easier.,A telescope sharpens the local field and helps inspect nearby companions; the star itself remains an unresolved point of light.
messier,M36,M36,Aur,2026-01-27,2026-W05-2,yes,Not normally a distinct naked-eye object; locate the surrounding constellation first.,"An excellent binocular target: the cluster separates from the field and its brightest members begin to stand out. The field lies within the Almanack's visible Milky Way boundary, so the background is especially star-rich.",Low to moderate power resolves many more members; use a wide field first so the cluster remains visually coherent.
bayer,β Pic,β Pic,Pic,2026-01-29,2026-W05-4,no,Readily visible unaided under ordinary dark-sky conditions; identify it from the surrounding constellation pattern.,Binoculars isolate the star from the surrounding pattern and make star-hopping easier.,A telescope sharpens the local field and helps inspect nearby companions; the star itself remains an unresolved point of light.
messier,M78,M78,Ori,2026-01-29,2026-W05-4,no,Not normally visible as a distinct nebula to the unaided eye.,Look for a low-contrast patch against the surrounding field; dark adaptation matters more than high magnification.,Use low to moderate power to trace the nebular form; a suitable narrowband nebula filter can improve contrast on emission-rich regions.
bayer,β Col,β Col — Wazn,Col,2026-01-30,2026-W05-5,no,Readily visible unaided under ordinary dark-sky conditions; identify it from the surrounding constellation pattern.,Binoculars isolate the star from the surrounding pattern and make star-hopping easier.,A telescope sharpens the local field and helps inspect nearby companions; the star itself remains an unresolved point of light.
bayer,α Ori,α Ori — Betelgeuse,Ori,2026-01-31,2026-W05-6,no,Bright and easy to see unaided; use Betelgeuse as a primary landmark for the surrounding constellation.,Binoculars isolate the star from the surrounding pattern and make star-hopping easier.,A telescope sharpens the local field and helps inspect nearby companions; the star itself remains an unresolved point of light.
messier,M37,M37,Aur,2026-01-31,2026-W05-6,yes,Not normally a distinct naked-eye object; locate the surrounding constellation first.,"An excellent binocular target: the cluster separates from the field and its brightest members begin to stand out. The field lies within the Almanack's visible Milky Way boundary, so the background is especially star-rich.",Low to moderate power resolves many more members; use a wide field first so the cluster remains visually coherent.
bayer,β Aur,β Aur — Menkalinan,Aur,2026-02-01,2026-W05-7,no,Bright and easy to see unaided; use Menkalinan as a primary landmark for the surrounding constellation.,Binoculars isolate the star from the surrounding pattern and make star-hopping easier.,A telescope sharpens the local field and helps inspect nearby companions; the star itself remains an unresolved point of light.
bayer,α Men,α Men,Men,2026-02-04,2026-W06-3,no,"Visible unaided from a reasonably dark site, but easier after full dark adaptation.",Binoculars isolate the star from the surrounding pattern and make star-hopping easier.,A telescope sharpens the local field and helps inspect nearby companions; the star itself remains an unresolved point of light.
messier,M35,M35,Gem,2026-02-04,2026-W06-3,yes,Possible unaided from a dark site as a faint unresolved patch; binoculars make identification much easier.,"An excellent binocular target: the cluster separates from the field and its brightest members begin to stand out. The field lies within the Almanack's visible Milky Way boundary, so the background is especially star-rich.",Low to moderate power resolves many more members; use a wide field first so the cluster remains visually coherent.
bayer,α Car,α Car — Canopus,Car,2026-02-07,2026-W06-6,no,Bright and easy to see unaided; use Canopus as a primary landmark for the surrounding constellation.,Binoculars isolate the star from the surrounding pattern and make star-hopping easier.,A telescope sharpens the local field and helps inspect nearby companions; the star itself remains an unresolved point of light.
bayer,β CMa,β CMa — Mirzam,CMa,2026-02-07,2026-W06-6,no,Bright and easy to see unaided; use Mirzam as a primary landmark for the surrounding constellation.,Binoculars isolate the star from the surrounding pattern and make star-hopping easier.,A telescope sharpens the local field and helps inspect nearby companions; the star itself remains an unresolved point of light.
bayer,β Mon,β Mon,Mon,2026-02-09,2026-W07-1,yes,Readily visible unaided under ordinary dark-sky conditions; identify it from the surrounding constellation pattern.,"Binoculars isolate the star from the surrounding pattern and make star-hopping easier. The field lies within the Almanack's visible Milky Way boundary, so the background is especially star-rich.",A telescope sharpens the local field and helps inspect nearby companions; the star itself remains an unresolved point of light.
bayer,α CMa,α CMa — Sirius,CMa,2026-02-13,2026-W07-5,no,Bright and easy to see unaided; use Sirius as a primary landmark for the surrounding constellation.,Binoculars isolate the star from the surrounding pattern and make star-hopping easier.,A telescope sharpens the local field and helps inspect nearby companions; the star itself remains an unresolved point of light.
bayer,α Pic,α Pic,Pic,2026-02-13,2026-W07-5,no,Readily visible unaided under ordinary dark-sky conditions; identify it from the surrounding constellation pattern.,Binoculars isolate the star from the surrounding pattern and make star-hopping easier.,A telescope sharpens the local field and helps inspect nearby companions; the star itself remains an unresolved point of light.
messier,M41,M41,CMa,2026-02-13,2026-W07-5,no,Possible unaided from a dark site as a faint unresolved patch; binoculars make identification much easier.,An excellent binocular target: the cluster separates from the field and its brightest members begin to stand out.,Low to moderate power resolves many more members; use a wide field first so the cluster remains visually coherent.
messier,M50,M50,Mon,2026-02-17,2026-W08-2,yes,Not normally a distinct naked-eye object; locate the surrounding constellation first.,"An excellent binocular target: the cluster separates from the field and its brightest members begin to stand out. The field lies within the Almanack's visible Milky Way boundary, so the background is especially star-rich.",Low to moderate power resolves many more members; use a wide field first so the cluster remains visually coherent.
bayer,β CMi,β CMi — Gomeisa,CMi,2026-02-24,2026-W09-2,no,Readily visible unaided under ordinary dark-sky conditions; identify it from the surrounding constellation pattern.,Binoculars isolate the star from the surrounding pattern and make star-hopping easier.,A telescope sharpens the local field and helps inspect nearby companions; the star itself remains an unresolved point of light.
bayer,α Gem,α Gem — Castor,Gem,2026-02-26,2026-W09-4,no,Bright and easy to see unaided; use Castor as a primary landmark for the surrounding constellation.,Binoculars isolate the star from the surrounding pattern and make star-hopping easier.,A telescope sharpens the local field and helps inspect nearby companions; the star itself remains an unresolved point of light.
messier,M47,M47,Pup,2026-02-26,2026-W09-4,yes,Possible unaided from a dark site as a faint unresolved patch; binoculars make identification much easier.,"An excellent binocular target: the cluster separates from the field and its brightest members begin to stand out. The field lies within the Almanack's visible Milky Way boundary, so the background is especially star-rich.",Low to moderate power resolves many more members; use a wide field first so the cluster remains visually coherent.
bayer,α CMi,α CMi — Procyon,CMi,2026-02-27,2026-W09-5,no,Bright and easy to see unaided; use Procyon as a primary landmark for the surrounding constellation.,Binoculars isolate the star from the surrounding pattern and make star-hopping easier.,A telescope sharpens the local field and helps inspect nearby companions; the star itself remains an unresolved point of light.
bayer,α Mon,α Mon,Mon,2026-02-27,2026-W09-5,no,Readily visible unaided under ordinary dark-sky conditions; identify it from the surrounding constellation pattern.,Binoculars isolate the star from the surrounding pattern and make star-hopping easier.,A telescope sharpens the local field and helps inspect nearby companions; the star itself remains an unresolved point of light.
messier,M46,M46,Pup,2026-02-27,2026-W09-5,yes,Not normally a distinct naked-eye object; locate the surrounding constellation first.,"An excellent binocular target: the cluster separates from the field and its brightest members begin to stand out. The field lies within the Almanack's visible Milky Way boundary, so the background is especially star-rich.",Low to moderate power resolves many more members; use a wide field first so the cluster remains visually coherent.
bayer,β Gem,β Gem — Pollux,Gem,2026-02-28,2026-W09-6,no,Bright and easy to see unaided; use Pollux as a primary landmark for the surrounding constellation.,Binoculars isolate the star from the surrounding pattern and make star-hopping easier.,A telescope sharpens the local field and helps inspect nearby companions; the star itself remains an unresolved point of light.
messier,M93,M93,Pup,2026-02-28,2026-W09-6,yes,Not normally a distinct naked-eye object; locate the surrounding constellation first.,"An excellent binocular target: the cluster separates from the field and its brightest members begin to stand out. The field lies within the Almanack's visible Milky Way boundary, so the background is especially star-rich.",Low to moderate power resolves many more members; use a wide field first so the cluster remains visually coherent.
messier,M48,M48,Hya,2026-03-08,2026-W10-7,no,Possible unaided from a dark site as a faint unresolved patch; binoculars make identification much easier.,An excellent binocular target: the cluster separates from the field and its brightest members begin to stand out.,Low to moderate power resolves many more members; use a wide field first so the cluster remains visually coherent.
bayer,α Cha,α Cha,Cha,2026-03-09,2026-W11-1,no,"Visible unaided from a reasonably dark site, but easier after full dark adaptation.",Binoculars isolate the star from the surrounding pattern and make star-hopping easier.,A telescope sharpens the local field and helps inspect nearby companions; the star itself remains an unresolved point of light.
bayer,β Cnc,β Cnc — Tarf,Cnc,2026-03-09,2026-W11-1,no,Readily visible unaided under ordinary dark-sky conditions; identify it from the surrounding constellation pattern.,Binoculars isolate the star from the surrounding pattern and make star-hopping easier.,A telescope sharpens the local field and helps inspect nearby companions; the star itself remains an unresolved point of light.
bayer,β Vol,β Vol,Vol,2026-03-11,2026-W11-3,no,Readily visible unaided under ordinary dark-sky conditions; identify it from the surrounding constellation pattern.,Binoculars isolate the star from the surrounding pattern and make star-hopping easier.,A telescope sharpens the local field and helps inspect nearby companions; the star itself remains an unresolved point of light.
bayer,β Pyx,β Pyx,Pyx,2026-03-15,2026-W11-7,yes,Readily visible unaided under ordinary dark-sky conditions; identify it from the surrounding constellation pattern.,"Binoculars isolate the star from the surrounding pattern and make star-hopping easier. The field lies within the Almanack's visible Milky Way boundary, so the background is especially star-rich.",A telescope sharpens the local field and helps inspect nearby companions; the star itself remains an unresolved point of light.
messier,M44,M44 — Beehive Cluster,Cnc,2026-03-15,2026-W11-7,no,Visible to the unaided eye as a soft patch in Cancer under a dark sky.,An excellent binocular target: the cluster separates from the field and its brightest members begin to stand out.,Low to moderate power resolves many more members; use a wide field first so the cluster remains visually coherent.
bayer,α Pyx,α Pyx,Pyx,2026-03-16,2026-W12-1,yes,Readily visible unaided under ordinary dark-sky conditions; identify it from the surrounding constellation pattern.,"Binoculars isolate the star from the surrounding pattern and make star-hopping easier. The field lies within the Almanack's visible Milky Way boundary, so the background is especially star-rich.",A telescope sharpens the local field and helps inspect nearby companions; the star itself remains an unresolved point of light.
messier,M67,M67,Cnc,2026-03-18,2026-W12-3,no,Not normally a distinct naked-eye object; locate the surrounding constellation first.,An excellent binocular target: the cluster separates from the field and its brightest members begin to stand out.,Low to moderate power resolves many more members; use a wide field first so the cluster remains visually coherent.
bayer,α Cnc,α Cnc — Acubens,Cnc,2026-03-20,2026-W12-5,no,"Visible unaided from a reasonably dark site, but easier after full dark adaptation.",Binoculars isolate the star from the surrounding pattern and make star-hopping easier.,A telescope sharpens the local field and helps inspect nearby companions; the star itself remains an unresolved point of light.
bayer,α Vol,α Vol,Vol,2026-03-21,2026-W12-6,no,Readily visible unaided under ordinary dark-sky conditions; identify it from the surrounding constellation pattern.,Binoculars isolate the star from the surrounding pattern and make star-hopping easier.,A telescope sharpens the local field and helps inspect nearby companions; the star itself remains an unresolved point of light.
bayer,β Car,β Car — Miaplacidus,Car,2026-03-24,2026-W13-2,no,Bright and easy to see unaided; use Miaplacidus as a primary landmark for the surrounding constellation.,Binoculars isolate the star from the surrounding pattern and make star-hopping easier.,A telescope sharpens the local field and helps inspect nearby companions; the star itself remains an unresolved point of light.
bayer,α Lyn,α Lyn,Lyn,2026-03-26,2026-W13-4,no,Readily visible unaided under ordinary dark-sky conditions; identify it from the surrounding constellation pattern.,Binoculars isolate the star from the surrounding pattern and make star-hopping easier.,A telescope sharpens the local field and helps inspect nearby companions; the star itself remains an unresolved point of light.
bayer,β Lyn,β Lyn,Lyn,2026-03-26,2026-W13-4,no,"Visible unaided from a reasonably dark site, but easier after full dark adaptation.",Binoculars isolate the star from the surrounding pattern and make star-hopping easier.,A telescope sharpens the local field and helps inspect nearby companions; the star itself remains an unresolved point of light.
bayer,α Hya,α Hya — Alphard,Hya,2026-03-28,2026-W13-6,no,Bright and easy to see unaided; use Alphard as a primary landmark for the surrounding constellation.,Binoculars isolate the star from the surrounding pattern and make star-hopping easier.,A telescope sharpens the local field and helps inspect nearby companions; the star itself remains an unresolved point of light.
bayer,β Ant,β Ant,Ant,2026-03-29,2026-W13-7,no,"Visible unaided from a reasonably dark site, but easier after full dark adaptation.",Binoculars isolate the star from the surrounding pattern and make star-hopping easier.,A telescope sharpens the local field and helps inspect nearby companions; the star itself remains an unresolved point of light.
messier,M81,M81 — Bode's Galaxy,UMa,2026-04-05,2026-W14-7,no,Not normally visible to the unaided eye; begin with a star-hop from nearby bright stars.,"Under a dark sky, look for a faint diffuse glow with a brighter central concentration; sky transparency is crucial.","Begin at low power to secure the galaxy, then increase magnification moderately to examine the core, elongation, and any visible structure."
messier,M82,M82 — Cigar Galaxy,UMa,2026-04-05,2026-W14-7,no,Not normally visible to the unaided eye; begin with a star-hop from nearby bright stars.,"Under a dark sky, look for a faint diffuse glow with a brighter central concentration; sky transparency is crucial.","Begin at low power to secure the galaxy, then increase magnification moderately to examine the core, elongation, and any visible structure."
bayer,α Leo,α Leo — Regulus,Leo,2026-04-08,2026-W15-3,no,Bright and easy to see unaided; use Regulus as a primary landmark for the surrounding constellation.,Binoculars isolate the star from the surrounding pattern and make star-hopping easier.,A telescope sharpens the local field and helps inspect nearby companions; the star itself remains an unresolved point of light.
bayer,α Sex,α Sex,Sex,2026-04-08,2026-W15-3,no,"Visible unaided from a reasonably dark site, but easier after full dark adaptation.",Binoculars isolate the star from the surrounding pattern and make star-hopping easier.,A telescope sharpens the local field and helps inspect nearby companions; the star itself remains an unresolved point of light.
bayer,α Ant,α Ant,Ant,2026-04-13,2026-W16-1,no,"Visible unaided from a reasonably dark site, but easier after full dark adaptation.",Binoculars isolate the star from the surrounding pattern and make star-hopping easier.,A telescope sharpens the local field and helps inspect nearby companions; the star itself remains an unresolved point of light.
bayer,β LMi,β LMi,LMi,2026-04-14,2026-W16-2,no,"Visible unaided from a reasonably dark site, but easier after full dark adaptation.",Binoculars isolate the star from the surrounding pattern and make star-hopping easier.,A telescope sharpens the local field and helps inspect nearby companions; the star itself remains an unresolved point of light.
bayer,β Sex,β Sex,Sex,2026-04-14,2026-W16-2,no,"Visible unaided from a reasonably dark site, but easier after full dark adaptation.",Binoculars isolate the star from the surrounding pattern and make star-hopping easier.,A telescope sharpens the local field and helps inspect nearby companions; the star itself remains an unresolved point of light.
messier,M95,M95,Leo,2026-04-18,2026-W16-6,no,Not normally visible to the unaided eye; begin with a star-hop from nearby bright stars.,"Under a dark sky, look for a faint diffuse glow with a brighter central concentration; sky transparency is crucial.","Begin at low power to secure the galaxy, then increase magnification moderately to examine the core, elongation, and any visible structure."
messier,M105,M105,Leo,2026-04-19,2026-W16-7,no,Not normally visible to the unaided eye; begin with a star-hop from nearby bright stars.,"Under a dark sky, look for a faint diffuse glow with a brighter central concentration; sky transparency is crucial.","Begin at low power to secure the galaxy, then increase magnification moderately to examine the core, elongation, and any visible structure."
messier,M96,M96,Leo,2026-04-19,2026-W16-7,no,Not normally visible to the unaided eye; begin with a star-hop from nearby bright stars.,"Under a dark sky, look for a faint diffuse glow with a brighter central concentration; sky transparency is crucial.","Begin at low power to secure the galaxy, then increase magnification moderately to examine the core, elongation, and any visible structure."
bayer,α LMi,α LMi — Praecipua,LMi,2026-04-21,2026-W17-2,no,Readily visible unaided under ordinary dark-sky conditions; identify it from the surrounding constellation pattern.,Binoculars isolate the star from the surrounding pattern and make star-hopping easier.,A telescope sharpens the local field and helps inspect nearby companions; the star itself remains an unresolved point of light.
bayer,α Crt,α Crt — Alkes,Crt,2026-04-22,2026-W17-3,no,"Visible unaided from a reasonably dark site, but easier after full dark adaptation.",Binoculars isolate the star from the surrounding pattern and make star-hopping easier.,A telescope sharpens the local field and helps inspect nearby companions; the star itself remains an unresolved point of light.
bayer,α UMa,α UMa — Dubhe,UMa,2026-04-23,2026-W17-4,no,Bright and easy to see unaided; use Dubhe as a primary landmark for the surrounding constellation.,Binoculars isolate the star from the surrounding pattern and make star-hopping easier.,A telescope sharpens the local field and helps inspect nearby companions; the star itself remains an unresolved point of light.
bayer,β UMa,β UMa — Merak,UMa,2026-04-23,2026-W17-4,no,Readily visible unaided under ordinary dark-sky conditions; identify it from the surrounding constellation pattern.,Binoculars isolate the star from the surrounding pattern and make star-hopping easier.,A telescope sharpens the local field and helps inspect nearby companions; the star itself remains an unresolved point of light.
bayer,β Crt,β Crt,Crt,2026-04-25,2026-W17-6,no,"Visible unaided from a reasonably dark site, but easier after full dark adaptation.",Binoculars isolate the star from the surrounding pattern and make star-hopping easier.,A telescope sharpens the local field and helps inspect nearby companions; the star itself remains an unresolved point of light.
messier,M108,M108,UMa,2026-04-25,2026-W17-6,no,Not normally visible to the unaided eye; begin with a star-hop from nearby bright stars.,"Under a dark sky, look for a faint diffuse glow with a brighter central concentration; sky transparency is crucial.","Begin at low power to secure the galaxy, then increase magnification moderately to examine the core, elongation, and any visible structure."
messier,M97,M97 — Owl Nebula,UMa,2026-04-26,2026-W17-7,no,Not normally identifiable as a distinct object to the unaided eye.,Usually stellar or nearly stellar in binoculars; careful comparison with nearby stars is the key.,Moderate to high power reveals the small nebular disk or ring-like structure; a nebula filter can help separate it from the stellar field.
messier,M65,M65,Leo,2026-04-27,2026-W18-1,no,Not normally visible to the unaided eye; begin with a star-hop from nearby bright stars.,"Under a dark sky, look for a faint diffuse glow with a brighter central concentration; sky transparency is crucial.","Begin at low power to secure the galaxy, then increase magnification moderately to examine the core, elongation, and any visible structure."
messier,M66,M66,Leo,2026-04-28,2026-W18-2,no,Not normally visible to the unaided eye; begin with a star-hop from nearby bright stars.,"Under a dark sky, look for a faint diffuse glow with a brighter central concentration; sky transparency is crucial.","Begin at low power to secure the galaxy, then increase magnification moderately to examine the core, elongation, and any visible structure."
bayer,β Leo,β Leo — Denebola,Leo,2026-05-05,2026-W19-2,no,Readily visible unaided under ordinary dark-sky conditions; identify it from the surrounding constellation pattern.,Binoculars isolate the star from the surrounding pattern and make star-hopping easier.,A telescope sharpens the local field and helps inspect nearby companions; the star itself remains an unresolved point of light.
bayer,β Hya,β Hya,Hya,2026-05-06,2026-W19-3,no,"Visible unaided from a reasonably dark site, but easier after full dark adaptation.",Binoculars isolate the star from the surrounding pattern and make star-hopping easier.,A telescope sharpens the local field and helps inspect nearby companions; the star itself remains an unresolved point of light.
bayer,β Vir,β Vir — Zavijava,Vir,2026-05-06,2026-W19-3,no,Readily visible unaided under ordinary dark-sky conditions; identify it from the surrounding constellation pattern.,Binoculars isolate the star from the surrounding pattern and make star-hopping easier.,A telescope sharpens the local field and helps inspect nearby companions; the star itself remains an unresolved point of light.
messier,M109,M109,UMa,2026-05-07,2026-W19-4,no,Not normally visible to the unaided eye; begin with a star-hop from nearby bright stars.,"Under a dark sky, look for a faint diffuse glow with a brighter central concentration; sky transparency is crucial.","Begin at low power to secure the galaxy, then increase magnification moderately to examine the core, elongation, and any visible structure."
bayer,α Crv,α Crv — Alchiba,Crv,2026-05-10,2026-W19-7,no,"Visible unaided from a reasonably dark site, but easier after full dark adaptation.",Binoculars isolate the star from the surrounding pattern and make star-hopping easier.,A telescope sharpens the local field and helps inspect nearby companions; the star itself remains an unresolved point of light.
messier,M98,M98,Com,2026-05-12,2026-W20-2,no,Not normally visible to the unaided eye; begin with a star-hop from nearby bright stars.,"Under a dark sky, look for a faint diffuse glow with a brighter central concentration; sky transparency is crucial.","Begin at low power to secure the galaxy, then increase magnification moderately to examine the core, elongation, and any visible structure."
bayer,β Cha,β Cha,Cha,2026-05-13,2026-W20-3,no,"Visible unaided from a reasonably dark site, but easier after full dark adaptation.",Binoculars isolate the star from the surrounding pattern and make star-hopping easier.,A telescope sharpens the local field and helps inspect nearby companions; the star itself remains an unresolved point of light.
messier,M106,M106,CVn,2026-05-13,2026-W20-3,no,Not normally visible to the unaided eye; begin with a star-hop from nearby bright stars.,"Under a dark sky, look for a faint diffuse glow with a brighter central concentration; sky transparency is crucial.","Begin at low power to secure the galaxy, then increase magnification moderately to examine the core, elongation, and any visible structure."
messier,M99,M99,Com,2026-05-13,2026-W20-3,no,Not normally visible to the unaided eye; begin with a star-hop from nearby bright stars.,"Under a dark sky, look for a faint diffuse glow with a brighter central concentration; sky transparency is crucial.","Begin at low power to secure the galaxy, then increase magnification moderately to examine the core, elongation, and any visible structure."
messier,M100,M100,Com,2026-05-14,2026-W20-4,no,Not normally visible to the unaided eye; begin with a star-hop from nearby bright stars.,"Under a dark sky, look for a faint diffuse glow with a brighter central concentration; sky transparency is crucial.","Begin at low power to secure the galaxy, then increase magnification moderately to examine the core, elongation, and any visible structure."
messier,M40,M40 — Winnecke 4,UMa,2026-05-14,2026-W20-4,no,Not normally identifiable as a distinct object to the unaided eye.,Binoculars may show the pair as elongated or separated if the components are wide enough.,Use moderate power to separate the components cleanly and compare their relative brightness.
messier,M61,M61,Vir,2026-05-14,2026-W20-4,no,Not normally visible to the unaided eye; begin with a star-hop from nearby bright stars.,"Under a dark sky, look for a faint diffuse glow with a brighter central concentration; sky transparency is crucial.","Begin at low power to secure the galaxy, then increase magnification moderately to examine the core, elongation, and any visible structure."
messier,M84,M84,Vir,2026-05-14,2026-W20-4,no,Not normally visible to the unaided eye; begin with a star-hop from nearby bright stars.,"Under a dark sky, look for a faint diffuse glow with a brighter central concentration; sky transparency is crucial.","Begin at low power to secure the galaxy, then increase magnification moderately to examine the core, elongation, and any visible structure."
bayer,α Cru,α Cru — Acrux,Cru,2026-05-15,2026-W20-5,no,Bright and easy to see unaided; use Acrux as a primary landmark for the surrounding constellation.,Binoculars isolate the star from the surrounding pattern and make star-hopping easier.,A telescope sharpens the local field and helps inspect nearby companions; the star itself remains an unresolved point of light.
messier,M85,M85,Com,2026-05-15,2026-W20-5,no,Not normally visible to the unaided eye; begin with a star-hop from nearby bright stars.,"Under a dark sky, look for a faint diffuse glow with a brighter central concentration; sky transparency is crucial.","Begin at low power to secure the galaxy, then increase magnification moderately to examine the core, elongation, and any visible structure."
messier,M86,M86,Vir,2026-05-15,2026-W20-5,no,Not normally visible to the unaided eye; begin with a star-hop from nearby bright stars.,"Under a dark sky, look for a faint diffuse glow with a brighter central concentration; sky transparency is crucial.","Begin at low power to secure the galaxy, then increase magnification moderately to examine the core, elongation, and any visible structure."
messier,M49,M49,Vir,2026-05-16,2026-W20-6,no,Not normally visible to the unaided eye; begin with a star-hop from nearby bright stars.,"Under a dark sky, look for a faint diffuse glow with a brighter central concentration; sky transparency is crucial.","Begin at low power to secure the galaxy, then increase magnification moderately to examine the core, elongation, and any visible structure."
messier,M87,M87,Vir,2026-05-16,2026-W20-6,no,Not normally visible to the unaided eye; begin with a star-hop from nearby bright stars.,"Under a dark sky, look for a faint diffuse glow with a brighter central concentration; sky transparency is crucial.","Begin at low power to secure the galaxy, then increase magnification moderately to examine the core, elongation, and any visible structure."
messier,M88,M88,Com,2026-05-16,2026-W20-6,no,Not normally visible to the unaided eye; begin with a star-hop from nearby bright stars.,"Under a dark sky, look for a faint diffuse glow with a brighter central concentration; sky transparency is crucial.","Begin at low power to secure the galaxy, then increase magnification moderately to examine the core, elongation, and any visible structure."
bayer,α Mus,α Mus,Mus,2026-05-17,2026-W20-7,no,Readily visible unaided under ordinary dark-sky conditions; identify it from the surrounding constellation pattern.,Binoculars isolate the star from the surrounding pattern and make star-hopping easier.,A telescope sharpens the local field and helps inspect nearby companions; the star itself remains an unresolved point of light.
bayer,β CVn,β CVn — Chara,CVn,2026-05-17,2026-W20-7,no,"Visible unaided from a reasonably dark site, but easier after full dark adaptation.",Binoculars isolate the star from the surrounding pattern and make star-hopping easier.,A telescope sharpens the local field and helps inspect nearby companions; the star itself remains an unresolved point of light.
bayer,β Crv,β Crv — Kraz,Crv,2026-05-17,2026-W20-7,no,Readily visible unaided under ordinary dark-sky conditions; identify it from the surrounding constellation pattern.,Binoculars isolate the star from the surrounding pattern and make star-hopping easier.,A telescope sharpens the local field and helps inspect nearby companions; the star itself remains an unresolved point of light.
messier,M89,M89,Vir,2026-05-17,2026-W20-7,no,Not normally visible to the unaided eye; begin with a star-hop from nearby bright stars.,"Under a dark sky, look for a faint diffuse glow with a brighter central concentration; sky transparency is crucial.","Begin at low power to secure the galaxy, then increase magnification moderately to examine the core, elongation, and any visible structure."
messier,M90,M90,Vir,2026-05-17,2026-W20-7,no,Not normally visible to the unaided eye; begin with a star-hop from nearby bright stars.,"Under a dark sky, look for a faint diffuse glow with a brighter central concentration; sky transparency is crucial.","Begin at low power to secure the galaxy, then increase magnification moderately to examine the core, elongation, and any visible structure."
messier,M91,M91,Com,2026-05-17,2026-W20-7,no,Not normally visible to the unaided eye; begin with a star-hop from nearby bright stars.,"Under a dark sky, look for a faint diffuse glow with a brighter central concentration; sky transparency is crucial.","Begin at low power to secure the galaxy, then increase magnification moderately to examine the core, elongation, and any visible structure."
messier,M104,M104 — Sombrero Galaxy,Vir,2026-05-18,2026-W21-1,no,Not normally visible to the unaided eye; begin with a star-hop from nearby bright stars.,"Under a dark sky, look for a faint diffuse glow with a brighter central concentration; sky transparency is crucial.","Begin at low power to secure the galaxy, then increase magnification moderately to examine the core, elongation, and any visible structure."
messier,M58,M58,Vir,2026-05-18,2026-W21-1,no,Not normally visible to the unaided eye; begin with a star-hop from nearby bright stars.,"Under a dark sky, look for a faint diffuse glow with a brighter central concentration; sky transparency is crucial.","Begin at low power to secure the galaxy, then increase magnification moderately to examine the core, elongation, and any visible structure."
messier,M68,M68,Hya,2026-05-18,2026-W21-1,no,Not normally a naked-eye target; use the surrounding star pattern to reach its position.,"Appears as a compact, round glow with a brighter center; steady binocular support improves detection.","Moderate to high power concentrates the core and, with sufficient aperture and good seeing, begins to resolve stars around the outskirts."
messier,M59,M59,Vir,2026-05-19,2026-W21-2,no,Not normally visible to the unaided eye; begin with a star-hop from nearby bright stars.,"Under a dark sky, look for a faint diffuse glow with a brighter central concentration; sky transparency is crucial.","Begin at low power to secure the galaxy, then increase magnification moderately to examine the core, elongation, and any visible structure."
messier,M60,M60,Vir,2026-05-19,2026-W21-2,no,Not normally visible to the unaided eye; begin with a star-hop from nearby bright stars.,"Under a dark sky, look for a faint diffuse glow with a brighter central concentration; sky transparency is crucial.","Begin at low power to secure the galaxy, then increase magnification moderately to examine the core, elongation, and any visible structure."
bayer,β Cru,β Cru — Mimosa,Cru,2026-05-20,2026-W21-3,no,Bright and easy to see unaided; use Mimosa as a primary landmark for the surrounding constellation.,Binoculars isolate the star from the surrounding pattern and make star-hopping easier.,A telescope sharpens the local field and helps inspect nearby companions; the star itself remains an unresolved point of light.
bayer,β Mus,β Mus,Mus,2026-05-20,2026-W21-3,no,Readily visible unaided under ordinary dark-sky conditions; identify it from the surrounding constellation pattern.,Binoculars isolate the star from the surrounding pattern and make star-hopping easier.,A telescope sharpens the local field and helps inspect nearby companions; the star itself remains an unresolved point of light.
messier,M94,M94,CVn,2026-05-21,2026-W21-4,no,Not normally visible to the unaided eye; begin with a star-hop from nearby bright stars.,"Under a dark sky, look for a faint diffuse glow with a brighter central concentration; sky transparency is crucial.","Begin at low power to secure the galaxy, then increase magnification moderately to examine the core, elongation, and any visible structure."
bayer,α CVn,α CVn — Cor Caroli,CVn,2026-05-22,2026-W21-5,no,Readily visible unaided under ordinary dark-sky conditions; identify it from the surrounding constellation pattern.,Binoculars isolate the star from the surrounding pattern and make star-hopping easier.,A telescope sharpens the local field and helps inspect nearby companions; the star itself remains an unresolved point of light.
messier,M64,M64 — Black Eye Galaxy,Com,2026-05-22,2026-W21-5,no,Not normally visible to the unaided eye; begin with a star-hop from nearby bright stars.,"Under a dark sky, look for a faint diffuse glow with a brighter central concentration; sky transparency is crucial.","Begin at low power to secure the galaxy, then increase magnification moderately to examine the core, elongation, and any visible structure."
bayer,α Com,α Com — Diadem,Com,2026-05-26,2026-W22-2,no,"Visible unaided from a reasonably dark site, but easier after full dark adaptation.",Binoculars isolate the star from the surrounding pattern and make star-hopping easier.,A telescope sharpens the local field and helps inspect nearby companions; the star itself remains an unresolved point of light.
bayer,β Com,β Com,Com,2026-05-26,2026-W22-2,no,"Visible unaided from a reasonably dark site, but easier after full dark adaptation.",Binoculars isolate the star from the surrounding pattern and make star-hopping easier.,A telescope sharpens the local field and helps inspect nearby companions; the star itself remains an unresolved point of light.
messier,M53,M53,Com,2026-05-26,2026-W22-2,no,Not normally a naked-eye target; use the surrounding star pattern to reach its position.,"Appears as a compact, round glow with a brighter center; steady binocular support improves detection.","Moderate to high power concentrates the core and, with sufficient aperture and good seeing, begins to resolve stars around the outskirts."
messier,M63,M63 — Sunflower Galaxy,CVn,2026-05-27,2026-W22-3,no,Not normally visible to the unaided eye; begin with a star-hop from nearby bright stars.,"Under a dark sky, look for a faint diffuse glow with a brighter central concentration; sky transparency is crucial.","Begin at low power to secure the galaxy, then increase magnification moderately to examine the core, elongation, and any visible structure."
bayer,α Vir,α Vir — Spica,Vir,2026-05-29,2026-W22-5,no,Bright and easy to see unaided; use Spica as a primary landmark for the surrounding constellation.,Binoculars isolate the star from the surrounding pattern and make star-hopping easier.,A telescope sharpens the local field and helps inspect nearby companions; the star itself remains an unresolved point of light.
messier,M51,M51 — Whirlpool Galaxy,CVn,2026-05-31,2026-W22-7,no,Not normally visible to the unaided eye; begin with a star-hop from nearby bright stars.,"Under a dark sky, look for a faint diffuse glow with a brighter central concentration; sky transparency is crucial.","Begin at low power to secure the galaxy, then increase magnification moderately to examine the core, elongation, and any visible structure."
messier,M83,M83 — Southern Pinwheel,Hya,2026-06-01,2026-W23-1,no,Not normally visible to the unaided eye; begin with a star-hop from nearby bright stars.,"Under a dark sky, look for a faint diffuse glow with a brighter central concentration; sky transparency is crucial.","Begin at low power to secure the galaxy, then increase magnification moderately to examine the core, elongation, and any visible structure."
messier,M3,M3,CVn,2026-06-03,2026-W23-3,no,Not normally a naked-eye target; use the surrounding star pattern to reach its position.,"Appears as a compact, round glow with a brighter center; steady binocular support improves detection.","Moderate to high power concentrates the core and, with sufficient aperture and good seeing, begins to resolve stars around the outskirts."
bayer,α Dra,α Dra — Thuban,Dra,2026-06-08,2026-W24-1,no,Readily visible unaided under ordinary dark-sky conditions; identify it from the surrounding constellation pattern.,Binoculars isolate the star from the surrounding pattern and make star-hopping easier.,A telescope sharpens the local field and helps inspect nearby companions; the star itself remains an unresolved point of light.
bayer,β Cen,β Cen — Hadar,Cen,2026-06-08,2026-W24-1,no,Bright and easy to see unaided; use Hadar as a primary landmark for the surrounding constellation.,Binoculars isolate the star from the surrounding pattern and make star-hopping easier.,A telescope sharpens the local field and helps inspect nearby companions; the star itself remains an unresolved point of light.
messier,M101,M101 — Pinwheel Galaxy,UMa,2026-06-08,2026-W24-1,no,Not normally visible to the unaided eye; begin with a star-hop from nearby bright stars.,"Under a dark sky, look for a faint diffuse glow with a brighter central concentration; sky transparency is crucial.","Begin at low power to secure the galaxy, then increase magnification moderately to examine the core, elongation, and any visible structure."
bayer,α Boo,α Boo — Arcturus,Boo,2026-06-11,2026-W24-4,no,Bright and easy to see unaided; use Arcturus as a primary landmark for the surrounding constellation.,Binoculars isolate the star from the surrounding pattern and make star-hopping easier.,A telescope sharpens the local field and helps inspect nearby companions; the star itself remains an unresolved point of light.
special,proxima-centauri,proxima-centauri — Proxima Centauri,Cen,2026-06-14,2026-W24-7,no,Near or beyond the practical unaided-eye limit for many observers; use optical aid for a reliable identification.,Binoculars isolate the star from the surrounding pattern and make star-hopping easier.,A telescope sharpens the local field and helps inspect nearby companions; the star itself remains an unresolved point of light.
bayer,α Cen,α Cen — Rigil Kentaurus,Cen,2026-06-16,2026-W25-2,no,Bright and easy to see unaided; use Rigil Kentaurus as a primary landmark for the surrounding constellation.,Binoculars isolate the star from the surrounding pattern and make star-hopping easier.,A telescope sharpens the local field and helps inspect nearby companions; the star itself remains an unresolved point of light.
bayer,α Cir,α Cir,Cir,2026-06-17,2026-W25-3,no,Readily visible unaided under ordinary dark-sky conditions; identify it from the surrounding constellation pattern.,Binoculars isolate the star from the surrounding pattern and make star-hopping easier.,A telescope sharpens the local field and helps inspect nearby companions; the star itself remains an unresolved point of light.
bayer,α Lup,α Lup,Lup,2026-06-17,2026-W25-3,no,Readily visible unaided under ordinary dark-sky conditions; identify it from the surrounding constellation pattern.,Binoculars isolate the star from the surrounding pattern and make star-hopping easier.,A telescope sharpens the local field and helps inspect nearby companions; the star itself remains an unresolved point of light.
bayer,α Aps,α Aps,Aps,2026-06-18,2026-W25-4,no,Readily visible unaided under ordinary dark-sky conditions; identify it from the surrounding constellation pattern.,Binoculars isolate the star from the surrounding pattern and make star-hopping easier.,A telescope sharpens the local field and helps inspect nearby companions; the star itself remains an unresolved point of light.
bayer,α Lib,α Lib — Zubenelgenubi,Lib,2026-06-19,2026-W25-5,no,Readily visible unaided under ordinary dark-sky conditions; identify it from the surrounding constellation pattern.,Binoculars isolate the star from the surrounding pattern and make star-hopping easier.,A telescope sharpens the local field and helps inspect nearby companions; the star itself remains an unresolved point of light.
bayer,β UMi,β UMi — Kochab,UMi,2026-06-19,2026-W25-5,no,Readily visible unaided under ordinary dark-sky conditions; identify it from the surrounding constellation pattern.,Binoculars isolate the star from the surrounding pattern and make star-hopping easier.,A telescope sharpens the local field and helps inspect nearby companions; the star itself remains an unresolved point of light.
bayer,β Lup,β Lup,Lup,2026-06-21,2026-W25-7,no,Readily visible unaided under ordinary dark-sky conditions; identify it from the surrounding constellation pattern.,Binoculars isolate the star from the surrounding pattern and make star-hopping easier.,A telescope sharpens the local field and helps inspect nearby companions; the star itself remains an unresolved point of light.
bayer,β Boo,β Boo — Nekkar,Boo,2026-06-22,2026-W26-1,no,Readily visible unaided under ordinary dark-sky conditions; identify it from the surrounding constellation pattern.,Binoculars isolate the star from the surrounding pattern and make star-hopping easier.,A telescope sharpens the local field and helps inspect nearby companions; the star itself remains an unresolved point of light.
messier,M102,M102 — Spindle Galaxy,Dra,2026-06-23,2026-W26-2,no,Not normally visible to the unaided eye; begin with a star-hop from nearby bright stars.,"Under a dark sky, look for a faint diffuse glow with a brighter central concentration; sky transparency is crucial.","Begin at low power to secure the galaxy, then increase magnification moderately to examine the core, elongation, and any visible structure."
bayer,β Lib,β Lib — Zubeneschamali,Lib,2026-06-25,2026-W26-4,no,Readily visible unaided under ordinary dark-sky conditions; identify it from the surrounding constellation pattern.,Binoculars isolate the star from the surrounding pattern and make star-hopping easier.,A telescope sharpens the local field and helps inspect nearby companions; the star itself remains an unresolved point of light.
bayer,β Cir,β Cir,Cir,2026-06-26,2026-W26-5,no,"Visible unaided from a reasonably dark site, but easier after full dark adaptation.",Binoculars isolate the star from the surrounding pattern and make star-hopping easier.,A telescope sharpens the local field and helps inspect nearby companions; the star itself remains an unresolved point of light.
messier,M5,M5,Ser,2026-06-26,2026-W26-5,no,"At a dark site it can be glimpsed unaided as a tiny diffuse point, especially with averted vision.","Appears as a compact, round glow with a brighter center; steady binocular support improves detection.","Moderate to high power concentrates the core and, with sufficient aperture and good seeing, begins to resolve stars around the outskirts."
bayer,β CrB,β CrB — Nusakan,CrB,2026-06-28,2026-W26-7,no,Readily visible unaided under ordinary dark-sky conditions; identify it from the surrounding constellation pattern.,Binoculars isolate the star from the surrounding pattern and make star-hopping easier.,A telescope sharpens the local field and helps inspect nearby companions; the star itself remains an unresolved point of light.
bayer,α CrB,α CrB — Alphecca,CrB,2026-06-30,2026-W27-2,no,Readily visible unaided under ordinary dark-sky conditions; identify it from the surrounding constellation pattern.,Binoculars isolate the star from the surrounding pattern and make star-hopping easier.,A telescope sharpens the local field and helps inspect nearby companions; the star itself remains an unresolved point of light.
bayer,α Ser,α Ser — Unukalhai,Ser,2026-07-02,2026-W27-4,no,Readily visible unaided under ordinary dark-sky conditions; identify it from the surrounding constellation pattern.,Binoculars isolate the star from the surrounding pattern and make star-hopping easier.,A telescope sharpens the local field and helps inspect nearby companions; the star itself remains an unresolved point of light.
bayer,β Ser,β Ser — Chow,Ser,2026-07-02,2026-W27-4,no,Readily visible unaided under ordinary dark-sky conditions; identify it from the surrounding constellation pattern.,Binoculars isolate the star from the surrounding pattern and make star-hopping easier.,A telescope sharpens the local field and helps inspect nearby companions; the star itself remains an unresolved point of light.
bayer,β TrA,β TrA,TrA,2026-07-05,2026-W27-7,no,Readily visible unaided under ordinary dark-sky conditions; identify it from the surrounding constellation pattern.,Binoculars isolate the star from the surrounding pattern and make star-hopping easier.,A telescope sharpens the local field and helps inspect nearby companions; the star itself remains an unresolved point of light.
bayer,β Sco,β Sco — Acrab,Sco,2026-07-07,2026-W28-2,no,Readily visible unaided under ordinary dark-sky conditions; identify it from the surrounding constellation pattern.,Binoculars isolate the star from the surrounding pattern and make star-hopping easier.,A telescope sharpens the local field and helps inspect nearby companions; the star itself remains an unresolved point of light.
messier,M80,M80,Sco,2026-07-10,2026-W28-5,yes,Not normally a naked-eye target; use the surrounding star pattern to reach its position.,"Appears as a compact, round glow with a brighter center; steady binocular support improves detection. The field lies within the Almanack's visible Milky Way boundary, so the background is especially star-rich.","Moderate to high power concentrates the core and, with sufficient aperture and good seeing, begins to resolve stars around the outskirts."
messier,M4,M4,Sco,2026-07-12,2026-W28-7,yes,"At a dark site it can be glimpsed unaided as a tiny diffuse point, especially with averted vision.","Appears as a compact, round glow with a brighter center; steady binocular support improves detection. The field lies within the Almanack's visible Milky Way boundary, so the background is especially star-rich.","Moderate to high power concentrates the core and, with sufficient aperture and good seeing, begins to resolve stars around the outskirts."
bayer,α Sco,α Sco — Antares,Sco,2026-07-13,2026-W29-1,yes,Bright and easy to see unaided; use Antares as a primary landmark for the surrounding constellation.,"Binoculars isolate the star from the surrounding pattern and make star-hopping easier. The field lies within the Almanack's visible Milky Way boundary, so the background is especially star-rich.",A telescope sharpens the local field and helps inspect nearby companions; the star itself remains an unresolved point of light.
bayer,β Her,β Her — Kornephoros,Her,2026-07-13,2026-W29-1,no,Readily visible unaided under ordinary dark-sky conditions; identify it from the surrounding constellation pattern.,Binoculars isolate the star from the surrounding pattern and make star-hopping easier.,A telescope sharpens the local field and helps inspect nearby companions; the star itself remains an unresolved point of light.
messier,M107,M107,Oph,2026-07-14,2026-W29-2,no,Not normally a naked-eye target; use the surrounding star pattern to reach its position.,"Appears as a compact, round glow with a brighter center; steady binocular support improves detection.","Moderate to high power concentrates the core and, with sufficient aperture and good seeing, begins to resolve stars around the outskirts."
bayer,β Aps,β Aps,Aps,2026-07-16,2026-W29-4,no,"Visible unaided from a reasonably dark site, but easier after full dark adaptation.",Binoculars isolate the star from the surrounding pattern and make star-hopping easier.,A telescope sharpens the local field and helps inspect nearby companions; the star itself remains an unresolved point of light.
messier,M13,M13 — Great Hercules Globular,Her,2026-07-16,2026-W29-4,no,"At a dark site it can be glimpsed unaided as a tiny diffuse point, especially with averted vision.","Appears as a compact, round glow with a brighter center; steady binocular support improves detection.","Moderate to high power concentrates the core and, with sufficient aperture and good seeing, begins to resolve stars around the outskirts."
messier,M12,M12,Oph,2026-07-17,2026-W29-5,no,Not normally a naked-eye target; use the surrounding star pattern to reach its position.,"Appears as a compact, round glow with a brighter center; steady binocular support improves detection.","Moderate to high power concentrates the core and, with sufficient aperture and good seeing, begins to resolve stars around the outskirts."
bayer,α TrA,α TrA — Atria,TrA,2026-07-18,2026-W29-6,no,Bright and easy to see unaided; use Atria as a primary landmark for the surrounding constellation.,Binoculars isolate the star from the surrounding pattern and make star-hopping easier.,A telescope sharpens the local field and helps inspect nearby companions; the star itself remains an unresolved point of light.
messier,M10,M10,Oph,2026-07-20,2026-W30-1,no,Not normally a naked-eye target; use the surrounding star pattern to reach its position.,"Appears as a compact, round glow with a brighter center; steady binocular support improves detection.","Moderate to high power concentrates the core and, with sufficient aperture and good seeing, begins to resolve stars around the outskirts."
messier,M19,M19,Oph,2026-07-21,2026-W30-2,yes,Not normally a naked-eye target; use the surrounding star pattern to reach its position.,"Appears as a compact, round glow with a brighter center; steady binocular support improves detection. The field lies within the Almanack's visible Milky Way boundary, so the background is especially star-rich.","Moderate to high power concentrates the core and, with sufficient aperture and good seeing, begins to resolve stars around the outskirts."
messier,M62,M62,Oph,2026-07-21,2026-W30-2,yes,Not normally a naked-eye target; use the surrounding star pattern to reach its position.,"Appears as a compact, round glow with a brighter center; steady binocular support improves detection. The field lies within the Almanack's visible Milky Way boundary, so the background is especially star-rich.","Moderate to high power concentrates the core and, with sufficient aperture and good seeing, begins to resolve stars around the outskirts."
bayer,α Her,α Her — Rasalgethi,Her,2026-07-24,2026-W30-5,no,Readily visible unaided under ordinary dark-sky conditions; identify it from the surrounding constellation pattern.,Binoculars isolate the star from the surrounding pattern and make star-hopping easier.,A telescope sharpens the local field and helps inspect nearby companions; the star itself remains an unresolved point of light.
messier,M9,M9,Oph,2026-07-25,2026-W30-6,yes,Not normally a naked-eye target; use the surrounding star pattern to reach its position.,"Appears as a compact, round glow with a brighter center; steady binocular support improves detection. The field lies within the Almanack's visible Milky Way boundary, so the background is especially star-rich.","Moderate to high power concentrates the core and, with sufficient aperture and good seeing, begins to resolve stars around the outskirts."
messier,M92,M92,Her,2026-07-25,2026-W30-6,no,Not normally a naked-eye target; use the surrounding star pattern to reach its position.,"Appears as a compact, round glow with a brighter center; steady binocular support improves detection.","Moderate to high power concentrates the core and, with sufficient aperture and good seeing, begins to resolve stars around the outskirts."
bayer,β Ara,β Ara,Ara,2026-07-27,2026-W31-1,no,Readily visible unaided under ordinary dark-sky conditions; identify it from the surrounding constellation pattern.,Binoculars isolate the star from the surrounding pattern and make star-hopping easier.,A telescope sharpens the local field and helps inspect nearby companions; the star itself remains an unresolved point of light.
bayer,β Dra,β Dra — Rastaban,Dra,2026-07-28,2026-W31-2,no,Readily visible unaided under ordinary dark-sky conditions; identify it from the surrounding constellation pattern.,Binoculars isolate the star from the surrounding pattern and make star-hopping easier.,A telescope sharpens the local field and helps inspect nearby companions; the star itself remains an unresolved point of light.
bayer,α Ara,α Ara,Ara,2026-07-29,2026-W31-3,yes,Readily visible unaided under ordinary dark-sky conditions; identify it from the surrounding constellation pattern.,"Binoculars isolate the star from the surrounding pattern and make star-hopping easier. The field lies within the Almanack's visible Milky Way boundary, so the background is especially star-rich.",A telescope sharpens the local field and helps inspect nearby companions; the star itself remains an unresolved point of light.
bayer,α Oph,α Oph — Rasalhague,Oph,2026-07-29,2026-W31-3,no,Readily visible unaided under ordinary dark-sky conditions; identify it from the surrounding constellation pattern.,Binoculars isolate the star from the surrounding pattern and make star-hopping easier.,A telescope sharpens the local field and helps inspect nearby companions; the star itself remains an unresolved point of light.
messier,M14,M14,Oph,2026-07-30,2026-W31-4,no,Not normally a naked-eye target; use the surrounding star pattern to reach its position.,"Appears as a compact, round glow with a brighter center; steady binocular support improves detection.","Moderate to high power concentrates the core and, with sufficient aperture and good seeing, begins to resolve stars around the outskirts."
messier,M6,M6 — Butterfly Cluster,Sco,2026-07-31,2026-W31-5,yes,Visible unaided as a small stellar haze or loose knot under a dark sky.,"An excellent binocular target: the cluster separates from the field and its brightest members begin to stand out. The field lies within the Almanack's visible Milky Way boundary, so the background is especially star-rich.",Low to moderate power resolves many more members; use a wide field first so the cluster remains visually coherent.
bayer,β Oph,β Oph — Cebalrai,Oph,2026-08-01,2026-W31-6,no,Readily visible unaided under ordinary dark-sky conditions; identify it from the surrounding constellation pattern.,Binoculars isolate the star from the surrounding pattern and make star-hopping easier.,A telescope sharpens the local field and helps inspect nearby companions; the star itself remains an unresolved point of light.
messier,M7,M7 — Ptolemy's Cluster,Sco,2026-08-03,2026-W32-1,yes,Visible unaided as a small stellar haze or loose knot under a dark sky.,"An excellent binocular target: the cluster separates from the field and its brightest members begin to stand out. The field lies within the Almanack's visible Milky Way boundary, so the background is especially star-rich.",Low to moderate power resolves many more members; use a wide field first so the cluster remains visually coherent.
messier,M23,M23,Sgr,2026-08-04,2026-W32-2,yes,Not normally a distinct naked-eye object; locate the surrounding constellation first.,"An excellent binocular target: the cluster separates from the field and its brightest members begin to stand out. The field lies within the Almanack's visible Milky Way boundary, so the background is especially star-rich.",Low to moderate power resolves many more members; use a wide field first so the cluster remains visually coherent.
messier,M20,M20 — Trifid Nebula,Sgr,2026-08-06,2026-W32-4,yes,Not normally visible as a distinct nebula to the unaided eye.,"Look for a low-contrast patch against the surrounding field; dark adaptation matters more than high magnification. The field lies within the Almanack's visible Milky Way boundary, so the background is especially star-rich.",Use low to moderate power to trace the nebular form; a suitable narrowband nebula filter can improve contrast on emission-rich regions.
messier,M21,M21,Sgr,2026-08-06,2026-W32-4,yes,Not normally a distinct naked-eye object; locate the surrounding constellation first.,"An excellent binocular target: the cluster separates from the field and its brightest members begin to stand out. The field lies within the Almanack's visible Milky Way boundary, so the background is especially star-rich.",Low to moderate power resolves many more members; use a wide field first so the cluster remains visually coherent.
messier,M8,M8 — Lagoon Nebula,Sgr,2026-08-06,2026-W32-4,yes,Not normally visible as a distinct nebula to the unaided eye.,"Look for a low-contrast patch against the surrounding field; dark adaptation matters more than high magnification. The field lies within the Almanack's visible Milky Way boundary, so the background is especially star-rich.",Use low to moderate power to trace the nebular form; a suitable narrowband nebula filter can improve contrast on emission-rich regions.
messier,M24,M24 — Sagittarius Star Cloud,Sgr,2026-08-09,2026-W32-7,yes,A conspicuous bright star cloud in a dark summer Milky Way; scan for the dense glow rather than a compact object.,"Sweep slowly across the star cloud: binoculars break the glow into innumerable stars, knots, and dark lanes. The field lies within the Almanack's visible Milky Way boundary, so the background is especially star-rich.","Use a rich-field, low-power view for selected knots and clusters; high power loses the large-scale star-cloud context."
messier,M16,M16 — Eagle Nebula,Ser,2026-08-10,2026-W33-1,yes,Not normally a distinct naked-eye object; locate the surrounding constellation first.,"An excellent binocular target: the cluster separates from the field and its brightest members begin to stand out. The field lies within the Almanack's visible Milky Way boundary, so the background is especially star-rich.",Low to moderate power resolves many more members; use a wide field first so the cluster remains visually coherent.
messier,M17,M17 — Omega Nebula,Sgr,2026-08-10,2026-W33-1,yes,Not normally visible as a distinct nebula to the unaided eye.,"Look for a low-contrast patch against the surrounding field; dark adaptation matters more than high magnification. The field lies within the Almanack's visible Milky Way boundary, so the background is especially star-rich.",Use low to moderate power to trace the nebular form; a suitable narrowband nebula filter can improve contrast on emission-rich regions.
messier,M18,M18,Sgr,2026-08-10,2026-W33-1,yes,Not normally a distinct naked-eye object; locate the surrounding constellation first.,"An excellent binocular target: the cluster separates from the field and its brightest members begin to stand out. The field lies within the Almanack's visible Milky Way boundary, so the background is especially star-rich.",Low to moderate power resolves many more members; use a wide field first so the cluster remains visually coherent.
messier,M28,M28,Sgr,2026-08-11,2026-W33-2,yes,Not normally a naked-eye target; use the surrounding star pattern to reach its position.,"Appears as a compact, round glow with a brighter center; steady binocular support improves detection. The field lies within the Almanack's visible Milky Way boundary, so the background is especially star-rich.","Moderate to high power concentrates the core and, with sufficient aperture and good seeing, begins to resolve stars around the outskirts."
bayer,α Tel,α Tel,Tel,2026-08-12,2026-W33-3,no,Readily visible unaided under ordinary dark-sky conditions; identify it from the surrounding constellation pattern.,Binoculars isolate the star from the surrounding pattern and make star-hopping easier.,A telescope sharpens the local field and helps inspect nearby companions; the star itself remains an unresolved point of light.
bayer,β Tel,β Tel,Tel,2026-08-12,2026-W33-3,no,"Visible unaided from a reasonably dark site, but easier after full dark adaptation.",Binoculars isolate the star from the surrounding pattern and make star-hopping easier.,A telescope sharpens the local field and helps inspect nearby companions; the star itself remains an unresolved point of light.
messier,M25,M25,Sgr,2026-08-13,2026-W33-4,yes,Not normally a distinct naked-eye object; locate the surrounding constellation first.,"An excellent binocular target: the cluster separates from the field and its brightest members begin to stand out. The field lies within the Almanack's visible Milky Way boundary, so the background is especially star-rich.",Low to moderate power resolves many more members; use a wide field first so the cluster remains visually coherent.
messier,M69,M69,Sgr,2026-08-13,2026-W33-4,yes,Not normally a naked-eye target; use the surrounding star pattern to reach its position.,"Appears as a compact, round glow with a brighter center; steady binocular support improves detection. The field lies within the Almanack's visible Milky Way boundary, so the background is especially star-rich.","Moderate to high power concentrates the core and, with sufficient aperture and good seeing, begins to resolve stars around the outskirts."
bayer,α Sct,α Sct,Sct,2026-08-14,2026-W33-5,yes,Readily visible unaided under ordinary dark-sky conditions; identify it from the surrounding constellation pattern.,"Binoculars isolate the star from the surrounding pattern and make star-hopping easier. The field lies within the Almanack's visible Milky Way boundary, so the background is especially star-rich.",A telescope sharpens the local field and helps inspect nearby companions; the star itself remains an unresolved point of light.
messier,M22,M22 — Sagittarius Cluster,Sgr,2026-08-14,2026-W33-5,yes,"At a dark site it can be glimpsed unaided as a tiny diffuse point, especially with averted vision.","Appears as a compact, round glow with a brighter center; steady binocular support improves detection. The field lies within the Almanack's visible Milky Way boundary, so the background is especially star-rich.","Moderate to high power concentrates the core and, with sufficient aperture and good seeing, begins to resolve stars around the outskirts."
bayer,α Lyr,α Lyr — Vega,Lyr,2026-08-15,2026-W33-6,no,Bright and easy to see unaided; use Vega as a primary landmark for the surrounding constellation.,Binoculars isolate the star from the surrounding pattern and make star-hopping easier.,A telescope sharpens the local field and helps inspect nearby companions; the star itself remains an unresolved point of light.
messier,M70,M70,Sgr,2026-08-16,2026-W33-7,yes,Not normally a naked-eye target; use the surrounding star pattern to reach its position.,"Appears as a compact, round glow with a brighter center; steady binocular support improves detection. The field lies within the Almanack's visible Milky Way boundary, so the background is especially star-rich.","Moderate to high power concentrates the core and, with sufficient aperture and good seeing, begins to resolve stars around the outskirts."
bayer,β Sct,β Sct,Sct,2026-08-17,2026-W34-1,yes,"Visible unaided from a reasonably dark site, but easier after full dark adaptation.","Binoculars isolate the star from the surrounding pattern and make star-hopping easier. The field lies within the Almanack's visible Milky Way boundary, so the background is especially star-rich.",A telescope sharpens the local field and helps inspect nearby companions; the star itself remains an unresolved point of light.
messier,M26,M26,Sct,2026-08-17,2026-W34-1,yes,Not normally a distinct naked-eye object; locate the surrounding constellation first.,"An excellent binocular target: the cluster separates from the field and its brightest members begin to stand out. The field lies within the Almanack's visible Milky Way boundary, so the background is especially star-rich.",Low to moderate power resolves many more members; use a wide field first so the cluster remains visually coherent.
bayer,β Lyr,β Lyr — Sheliak,Lyr,2026-08-18,2026-W34-2,no,Readily visible unaided under ordinary dark-sky conditions; identify it from the surrounding constellation pattern.,Binoculars isolate the star from the surrounding pattern and make star-hopping easier.,A telescope sharpens the local field and helps inspect nearby companions; the star itself remains an unresolved point of light.
messier,M11,M11 — Wild Duck Cluster,Sct,2026-08-18,2026-W34-2,yes,Not normally a distinct naked-eye object; locate the surrounding constellation first.,"An excellent binocular target: the cluster separates from the field and its brightest members begin to stand out. The field lies within the Almanack's visible Milky Way boundary, so the background is especially star-rich.",Low to moderate power resolves many more members; use a wide field first so the cluster remains visually coherent.
messier,M57,M57 — Ring Nebula,Lyr,2026-08-19,2026-W34-3,no,Not normally identifiable as a distinct object to the unaided eye.,Usually stellar or nearly stellar in binoculars; careful comparison with nearby stars is the key.,Moderate to high power reveals the small nebular disk or ring-like structure; a nebula filter can help separate it from the stellar field.
messier,M54,M54,Sgr,2026-08-20,2026-W34-4,yes,Not normally a naked-eye target; use the surrounding star pattern to reach its position.,"Appears as a compact, round glow with a brighter center; steady binocular support improves detection. The field lies within the Almanack's visible Milky Way boundary, so the background is especially star-rich.","Moderate to high power concentrates the core and, with sufficient aperture and good seeing, begins to resolve stars around the outskirts."
bayer,α CrA,α CrA — Alfecca Meridiana,CrA,2026-08-23,2026-W34-7,no,"Visible unaided from a reasonably dark site, but easier after full dark adaptation.",Binoculars isolate the star from the surrounding pattern and make star-hopping easier.,A telescope sharpens the local field and helps inspect nearby companions; the star itself remains an unresolved point of light.
bayer,β CrA,β CrA,CrA,2026-08-24,2026-W35-1,no,"Visible unaided from a reasonably dark site, but easier after full dark adaptation.",Binoculars isolate the star from the surrounding pattern and make star-hopping easier.,A telescope sharpens the local field and helps inspect nearby companions; the star itself remains an unresolved point of light.
bayer,β Vul,β Vul,Vul,2026-08-25,2026-W35-2,yes,"Visible unaided from a reasonably dark site, but easier after full dark adaptation.","Binoculars isolate the star from the surrounding pattern and make star-hopping easier. The field lies within the Almanack's visible Milky Way boundary, so the background is especially star-rich.",A telescope sharpens the local field and helps inspect nearby companions; the star itself remains an unresolved point of light.
messier,M56,M56,Lyr,2026-08-25,2026-W35-2,yes,Not normally a naked-eye target; use the surrounding star pattern to reach its position.,"Appears as a compact, round glow with a brighter center; steady binocular support improves detection. The field lies within the Almanack's visible Milky Way boundary, so the background is especially star-rich.","Moderate to high power concentrates the core and, with sufficient aperture and good seeing, begins to resolve stars around the outskirts."
bayer,α Sgr,α Sgr — Rukbat,Sgr,2026-08-27,2026-W35-4,no,Readily visible unaided under ordinary dark-sky conditions; identify it from the surrounding constellation pattern.,Binoculars isolate the star from the surrounding pattern and make star-hopping easier.,A telescope sharpens the local field and helps inspect nearby companions; the star itself remains an unresolved point of light.
bayer,β Sgr,β Sgr — Arkab,Sgr,2026-08-27,2026-W35-4,no,"Visible unaided from a reasonably dark site, but easier after full dark adaptation.",Binoculars isolate the star from the surrounding pattern and make star-hopping easier.,A telescope sharpens the local field and helps inspect nearby companions; the star itself remains an unresolved point of light.
bayer,α Vul,α Vul — Anser,Vul,2026-08-29,2026-W35-6,yes,"Visible unaided from a reasonably dark site, but easier after full dark adaptation.","Binoculars isolate the star from the surrounding pattern and make star-hopping easier. The field lies within the Almanack's visible Milky Way boundary, so the background is especially star-rich.",A telescope sharpens the local field and helps inspect nearby companions; the star itself remains an unresolved point of light.
bayer,β Cyg,β Cyg — Albireo,Cyg,2026-08-29,2026-W35-6,yes,Readily visible unaided under ordinary dark-sky conditions; identify it from the surrounding constellation pattern.,"Binoculars isolate the star from the surrounding pattern and make star-hopping easier. The field lies within the Almanack's visible Milky Way boundary, so the background is especially star-rich.",A telescope sharpens the local field and helps inspect nearby companions; the star itself remains an unresolved point of light.
bayer,α Sge,α Sge — Sham,Sge,2026-09-01,2026-W36-2,yes,"Visible unaided from a reasonably dark site, but easier after full dark adaptation.","Binoculars isolate the star from the surrounding pattern and make star-hopping easier. The field lies within the Almanack's visible Milky Way boundary, so the background is especially star-rich.",A telescope sharpens the local field and helps inspect nearby companions; the star itself remains an unresolved point of light.
bayer,β Sge,β Sge,Sge,2026-09-01,2026-W36-2,yes,"Visible unaided from a reasonably dark site, but easier after full dark adaptation.","Binoculars isolate the star from the surrounding pattern and make star-hopping easier. The field lies within the Almanack's visible Milky Way boundary, so the background is especially star-rich.",A telescope sharpens the local field and helps inspect nearby companions; the star itself remains an unresolved point of light.
messier,M55,M55,Sgr,2026-09-01,2026-W36-2,no,Not normally a naked-eye target; use the surrounding star pattern to reach its position.,"Appears as a compact, round glow with a brighter center; steady binocular support improves detection.","Moderate to high power concentrates the core and, with sufficient aperture and good seeing, begins to resolve stars around the outskirts."
bayer,α Aql,α Aql — Altair,Aql,2026-09-04,2026-W36-5,yes,Bright and easy to see unaided; use Altair as a primary landmark for the surrounding constellation.,"Binoculars isolate the star from the surrounding pattern and make star-hopping easier. The field lies within the Almanack's visible Milky Way boundary, so the background is especially star-rich.",A telescope sharpens the local field and helps inspect nearby companions; the star itself remains an unresolved point of light.
bayer,β Aql,β Aql — Alshain,Aql,2026-09-05,2026-W36-6,no,Readily visible unaided under ordinary dark-sky conditions; identify it from the surrounding constellation pattern.,Binoculars isolate the star from the surrounding pattern and make star-hopping easier.,A telescope sharpens the local field and helps inspect nearby companions; the star itself remains an unresolved point of light.
messier,M71,M71,Sge,2026-09-05,2026-W36-6,yes,Not normally a naked-eye target; use the surrounding star pattern to reach its position.,"Appears as a compact, round glow with a brighter center; steady binocular support improves detection. The field lies within the Almanack's visible Milky Way boundary, so the background is especially star-rich.","Moderate to high power concentrates the core and, with sufficient aperture and good seeing, begins to resolve stars around the outskirts."
messier,M27,M27 — Dumbbell Nebula,Vul,2026-09-06,2026-W36-7,yes,Not normally identifiable as a distinct object to the unaided eye.,"Usually stellar or nearly stellar in binoculars; careful comparison with nearby stars is the key. The field lies within the Almanack's visible Milky Way boundary, so the background is especially star-rich.",Moderate to high power reveals the small nebular disk or ring-like structure; a nebula filter can help separate it from the stellar field.
messier,M75,M75,Sgr,2026-09-08,2026-W37-2,no,Not normally a naked-eye target; use the surrounding star pattern to reach its position.,"Appears as a compact, round glow with a brighter center; steady binocular support improves detection.","Moderate to high power concentrates the core and, with sufficient aperture and good seeing, begins to resolve stars around the outskirts."
bayer,α Cap,α Cap — Algedi,Cap,2026-09-11,2026-W37-5,no,Readily visible unaided under ordinary dark-sky conditions; identify it from the surrounding constellation pattern.,Binoculars isolate the star from the surrounding pattern and make star-hopping easier.,A telescope sharpens the local field and helps inspect nearby companions; the star itself remains an unresolved point of light.
bayer,β Cap,β Cap — Dabih,Cap,2026-09-12,2026-W37-6,no,Readily visible unaided under ordinary dark-sky conditions; identify it from the surrounding constellation pattern.,Binoculars isolate the star from the surrounding pattern and make star-hopping easier.,A telescope sharpens the local field and helps inspect nearby companions; the star itself remains an unresolved point of light.
bayer,α Pav,α Pav — Peacock,Pav,2026-09-13,2026-W37-7,no,Bright and easy to see unaided; use Peacock as a primary landmark for the surrounding constellation.,Binoculars isolate the star from the surrounding pattern and make star-hopping easier.,A telescope sharpens the local field and helps inspect nearby companions; the star itself remains an unresolved point of light.
messier,M29,M29,Cyg,2026-09-13,2026-W37-7,yes,Not normally a distinct naked-eye object; locate the surrounding constellation first.,"An excellent binocular target: the cluster separates from the field and its brightest members begin to stand out. The field lies within the Almanack's visible Milky Way boundary, so the background is especially star-rich.",Low to moderate power resolves many more members; use a wide field first so the cluster remains visually coherent.
bayer,α Del,α Del — Sualocin,Del,2026-09-17,2026-W38-4,no,Readily visible unaided under ordinary dark-sky conditions; identify it from the surrounding constellation pattern.,Binoculars isolate the star from the surrounding pattern and make star-hopping easier.,A telescope sharpens the local field and helps inspect nearby companions; the star itself remains an unresolved point of light.
bayer,α Ind,α Ind,Ind,2026-09-17,2026-W38-4,no,Readily visible unaided under ordinary dark-sky conditions; identify it from the surrounding constellation pattern.,Binoculars isolate the star from the surrounding pattern and make star-hopping easier.,A telescope sharpens the local field and helps inspect nearby companions; the star itself remains an unresolved point of light.
bayer,β Del,β Del — Rotanev,Del,2026-09-17,2026-W38-4,no,Readily visible unaided under ordinary dark-sky conditions; identify it from the surrounding constellation pattern.,Binoculars isolate the star from the surrounding pattern and make star-hopping easier.,A telescope sharpens the local field and helps inspect nearby companions; the star itself remains an unresolved point of light.
bayer,α Cyg,α Cyg — Deneb,Cyg,2026-09-18,2026-W38-5,yes,Bright and easy to see unaided; use Deneb as a primary landmark for the surrounding constellation.,"Binoculars isolate the star from the surrounding pattern and make star-hopping easier. The field lies within the Almanack's visible Milky Way boundary, so the background is especially star-rich.",A telescope sharpens the local field and helps inspect nearby companions; the star itself remains an unresolved point of light.
bayer,β Pav,β Pav,Pav,2026-09-19,2026-W38-6,no,Readily visible unaided under ordinary dark-sky conditions; identify it from the surrounding constellation pattern.,Binoculars isolate the star from the surrounding pattern and make star-hopping easier.,A telescope sharpens the local field and helps inspect nearby companions; the star itself remains an unresolved point of light.
bayer,α Mic,α Mic,Mic,2026-09-20,2026-W38-7,no,"Visible unaided from a reasonably dark site, but easier after full dark adaptation.",Binoculars isolate the star from the surrounding pattern and make star-hopping easier.,A telescope sharpens the local field and helps inspect nearby companions; the star itself remains an unresolved point of light.
bayer,β Mic,β Mic,Mic,2026-09-21,2026-W39-1,no,Near or beyond the practical unaided-eye limit for many observers; use optical aid for a reliable identification.,Binoculars isolate the star from the surrounding pattern and make star-hopping easier.,A telescope sharpens the local field and helps inspect nearby companions; the star itself remains an unresolved point of light.
messier,M72,M72,Aqr,2026-09-21,2026-W39-1,no,Not normally a naked-eye target; use the surrounding star pattern to reach its position.,"Appears as a compact, round glow with a brighter center; steady binocular support improves detection.","Moderate to high power concentrates the core and, with sufficient aperture and good seeing, begins to resolve stars around the outskirts."
bayer,β Ind,β Ind,Ind,2026-09-22,2026-W39-2,no,Readily visible unaided under ordinary dark-sky conditions; identify it from the surrounding constellation pattern.,Binoculars isolate the star from the surrounding pattern and make star-hopping easier.,A telescope sharpens the local field and helps inspect nearby companions; the star itself remains an unresolved point of light.
messier,M73,M73,Aqr,2026-09-23,2026-W39-3,no,Use the surrounding constellation as the naked-eye framework for locating this object.,Binoculars provide the most useful first optical view and help confirm the surrounding star field.,"Start at low power, center the target, and increase magnification only when the object benefits from it."
bayer,α Oct,α Oct,Oct,2026-09-24,2026-W39-4,no,"Visible unaided from a reasonably dark site, but easier after full dark adaptation.",Binoculars isolate the star from the surrounding pattern and make star-hopping easier.,A telescope sharpens the local field and helps inspect nearby companions; the star itself remains an unresolved point of light.
bayer,α Equ,α Equ — Kitalpha,Equ,2026-09-27,2026-W39-7,no,Readily visible unaided under ordinary dark-sky conditions; identify it from the surrounding constellation pattern.,Binoculars isolate the star from the surrounding pattern and make star-hopping easier.,A telescope sharpens the local field and helps inspect nearby companions; the star itself remains an unresolved point of light.
bayer,α Cep,α Cep — Alderamin,Cep,2026-09-28,2026-W40-1,no,Readily visible unaided under ordinary dark-sky conditions; identify it from the surrounding constellation pattern.,Binoculars isolate the star from the surrounding pattern and make star-hopping easier.,A telescope sharpens the local field and helps inspect nearby companions; the star itself remains an unresolved point of light.
bayer,β Equ,β Equ,Equ,2026-09-29,2026-W40-2,no,"Visible unaided from a reasonably dark site, but easier after full dark adaptation.",Binoculars isolate the star from the surrounding pattern and make star-hopping easier.,A telescope sharpens the local field and helps inspect nearby companions; the star itself remains an unresolved point of light.
bayer,β Cep,β Cep — Alfirk,Cep,2026-10-01,2026-W40-4,no,Readily visible unaided under ordinary dark-sky conditions; identify it from the surrounding constellation pattern.,Binoculars isolate the star from the surrounding pattern and make star-hopping easier.,A telescope sharpens the local field and helps inspect nearby companions; the star itself remains an unresolved point of light.
messier,M15,M15 — Great Pegasus Globular,Peg,2026-10-01,2026-W40-4,no,Not normally a naked-eye target; use the surrounding star pattern to reach its position.,"Appears as a compact, round glow with a brighter center; steady binocular support improves detection.","Moderate to high power concentrates the core and, with sufficient aperture and good seeing, begins to resolve stars around the outskirts."
bayer,β Aqr,β Aqr — Sadalsuud,Aqr,2026-10-02,2026-W40-5,no,Readily visible unaided under ordinary dark-sky conditions; identify it from the surrounding constellation pattern.,Binoculars isolate the star from the surrounding pattern and make star-hopping easier.,A telescope sharpens the local field and helps inspect nearby companions; the star itself remains an unresolved point of light.
messier,M2,M2,Aqr,2026-10-02,2026-W40-5,no,Not normally a naked-eye target; use the surrounding star pattern to reach its position.,"Appears as a compact, round glow with a brighter center; steady binocular support improves detection.","Moderate to high power concentrates the core and, with sufficient aperture and good seeing, begins to resolve stars around the outskirts."
messier,M39,M39,Cyg,2026-10-02,2026-W40-5,yes,Possible unaided from a dark site as a faint unresolved patch; binoculars make identification much easier.,"An excellent binocular target: the cluster separates from the field and its brightest members begin to stand out. The field lies within the Almanack's visible Milky Way boundary, so the background is especially star-rich.",Low to moderate power resolves many more members; use a wide field first so the cluster remains visually coherent.
messier,M30,M30,Cap,2026-10-04,2026-W40-7,no,Not normally a naked-eye target; use the surrounding star pattern to reach its position.,"Appears as a compact, round glow with a brighter center; steady binocular support improves detection.","Moderate to high power concentrates the core and, with sufficient aperture and good seeing, begins to resolve stars around the outskirts."
bayer,α Aqr,α Aqr — Sadalmelik,Aqr,2026-10-11,2026-W41-7,no,Readily visible unaided under ordinary dark-sky conditions; identify it from the surrounding constellation pattern.,Binoculars isolate the star from the surrounding pattern and make star-hopping easier.,A telescope sharpens the local field and helps inspect nearby companions; the star itself remains an unresolved point of light.
bayer,α Gru,α Gru — Alnair,Gru,2026-10-12,2026-W42-1,no,Bright and easy to see unaided; use Alnair as a primary landmark for the surrounding constellation.,Binoculars isolate the star from the surrounding pattern and make star-hopping easier.,A telescope sharpens the local field and helps inspect nearby companions; the star itself remains an unresolved point of light.
bayer,α Tuc,α Tuc,Tuc,2026-10-15,2026-W42-4,no,Readily visible unaided under ordinary dark-sky conditions; identify it from the surrounding constellation pattern.,Binoculars isolate the star from the surrounding pattern and make star-hopping easier.,A telescope sharpens the local field and helps inspect nearby companions; the star itself remains an unresolved point of light.
bayer,β Lac,β Lac,Lac,2026-10-16,2026-W42-5,yes,"Visible unaided from a reasonably dark site, but easier after full dark adaptation.","Binoculars isolate the star from the surrounding pattern and make star-hopping easier. The field lies within the Almanack's visible Milky Way boundary, so the background is especially star-rich.",A telescope sharpens the local field and helps inspect nearby companions; the star itself remains an unresolved point of light.
bayer,α Lac,α Lac,Lac,2026-10-18,2026-W42-7,yes,Readily visible unaided under ordinary dark-sky conditions; identify it from the surrounding constellation pattern.,"Binoculars isolate the star from the surrounding pattern and make star-hopping easier. The field lies within the Almanack's visible Milky Way boundary, so the background is especially star-rich.",A telescope sharpens the local field and helps inspect nearby companions; the star itself remains an unresolved point of light.
bayer,β PsA,β PsA,PsA,2026-10-18,2026-W42-7,no,"Visible unaided from a reasonably dark site, but easier after full dark adaptation.",Binoculars isolate the star from the surrounding pattern and make star-hopping easier.,A telescope sharpens the local field and helps inspect nearby companions; the star itself remains an unresolved point of light.
bayer,β Gru,β Gru — Tiaki,Gru,2026-10-21,2026-W43-3,no,Readily visible unaided under ordinary dark-sky conditions; identify it from the surrounding constellation pattern.,Binoculars isolate the star from the surrounding pattern and make star-hopping easier.,A telescope sharpens the local field and helps inspect nearby companions; the star itself remains an unresolved point of light.
bayer,β Oct,β Oct,Oct,2026-10-22,2026-W43-4,no,"Visible unaided from a reasonably dark site, but easier after full dark adaptation.",Binoculars isolate the star from the surrounding pattern and make star-hopping easier.,A telescope sharpens the local field and helps inspect nearby companions; the star itself remains an unresolved point of light.
bayer,α PsA,α PsA — Fomalhaut,PsA,2026-10-25,2026-W43-7,no,Bright and easy to see unaided; use Fomalhaut as a primary landmark for the surrounding constellation.,Binoculars isolate the star from the surrounding pattern and make star-hopping easier.,A telescope sharpens the local field and helps inspect nearby companions; the star itself remains an unresolved point of light.
bayer,α Peg,α Peg — Markab,Peg,2026-10-27,2026-W44-2,no,Readily visible unaided under ordinary dark-sky conditions; identify it from the surrounding constellation pattern.,Binoculars isolate the star from the surrounding pattern and make star-hopping easier.,A telescope sharpens the local field and helps inspect nearby companions; the star itself remains an unresolved point of light.
bayer,β Peg,β Peg — Scheat,Peg,2026-10-27,2026-W44-2,no,Readily visible unaided under ordinary dark-sky conditions; identify it from the surrounding constellation pattern.,Binoculars isolate the star from the surrounding pattern and make star-hopping easier.,A telescope sharpens the local field and helps inspect nearby companions; the star itself remains an unresolved point of light.
bayer,β Psc,β Psc — Fumalsamakah,Psc,2026-10-27,2026-W44-2,no,"Visible unaided from a reasonably dark site, but easier after full dark adaptation.",Binoculars isolate the star from the surrounding pattern and make star-hopping easier.,A telescope sharpens the local field and helps inspect nearby companions; the star itself remains an unresolved point of light.
messier,M52,M52,Cas,2026-11-01,2026-W44-7,yes,Not normally a distinct naked-eye object; locate the surrounding constellation first.,"An excellent binocular target: the cluster separates from the field and its brightest members begin to stand out. The field lies within the Almanack's visible Milky Way boundary, so the background is especially star-rich.",Low to moderate power resolves many more members; use a wide field first so the cluster remains visually coherent.
bayer,β Scl,β Scl,Scl,2026-11-03,2026-W45-2,no,"Visible unaided from a reasonably dark site, but easier after full dark adaptation.",Binoculars isolate the star from the surrounding pattern and make star-hopping easier.,A telescope sharpens the local field and helps inspect nearby companions; the star itself remains an unresolved point of light.
bayer,α And,α And — Alpheratz,And,2026-11-12,2026-W46-4,no,Readily visible unaided under ordinary dark-sky conditions; identify it from the surrounding constellation pattern.,Binoculars isolate the star from the surrounding pattern and make star-hopping easier.,A telescope sharpens the local field and helps inspect nearby companions; the star itself remains an unresolved point of light.
bayer,β Cas,β Cas — Caph,Cas,2026-11-12,2026-W46-4,yes,Readily visible unaided under ordinary dark-sky conditions; identify it from the surrounding constellation pattern.,"Binoculars isolate the star from the surrounding pattern and make star-hopping easier. The field lies within the Almanack's visible Milky Way boundary, so the background is especially star-rich.",A telescope sharpens the local field and helps inspect nearby companions; the star itself remains an unresolved point of light.
bayer,α Phe,α Phe — Ankaa,Phe,2026-11-16,2026-W47-1,no,Readily visible unaided under ordinary dark-sky conditions; identify it from the surrounding constellation pattern.,Binoculars isolate the star from the surrounding pattern and make star-hopping easier.,A telescope sharpens the local field and helps inspect nearby companions; the star itself remains an unresolved point of light.
bayer,β Hyi,β Hyi,Hyi,2026-11-16,2026-W47-1,no,Readily visible unaided under ordinary dark-sky conditions; identify it from the surrounding constellation pattern.,Binoculars isolate the star from the surrounding pattern and make star-hopping easier.,A telescope sharpens the local field and helps inspect nearby companions; the star itself remains an unresolved point of light.
bayer,β Tuc,β Tuc,Tuc,2026-11-18,2026-W47-3,no,"Visible unaided from a reasonably dark site, but easier after full dark adaptation.",Binoculars isolate the star from the surrounding pattern and make star-hopping easier.,A telescope sharpens the local field and helps inspect nearby companions; the star itself remains an unresolved point of light.
bayer,α Cas,α Cas — Schedar,Cas,2026-11-20,2026-W47-5,yes,Readily visible unaided under ordinary dark-sky conditions; identify it from the surrounding constellation pattern.,"Binoculars isolate the star from the surrounding pattern and make star-hopping easier. The field lies within the Almanack's visible Milky Way boundary, so the background is especially star-rich.",A telescope sharpens the local field and helps inspect nearby companions; the star itself remains an unresolved point of light.
bayer,β Cet,β Cet — Diphda,Cet,2026-11-20,2026-W47-5,no,Readily visible unaided under ordinary dark-sky conditions; identify it from the surrounding constellation pattern.,Binoculars isolate the star from the surrounding pattern and make star-hopping easier.,A telescope sharpens the local field and helps inspect nearby companions; the star itself remains an unresolved point of light.
messier,M110,M110,And,2026-11-20,2026-W47-5,no,Not normally visible to the unaided eye; begin with a star-hop from nearby bright stars.,"Under a dark sky, look for a faint diffuse glow with a brighter central concentration; sky transparency is crucial.","Begin at low power to secure the galaxy, then increase magnification moderately to examine the core, elongation, and any visible structure."
messier,M31,M31 — Andromeda Galaxy,And,2026-11-20,2026-W47-5,no,Visible as an elongated misty patch from a dark site; use averted vision when skyglow is present.,"Under a dark sky, look for a faint diffuse glow with a brighter central concentration; sky transparency is crucial.","Begin at low power to secure the galaxy, then increase magnification moderately to examine the core, elongation, and any visible structure."
messier,M32,M32,And,2026-11-20,2026-W47-5,no,Not normally visible to the unaided eye; begin with a star-hop from nearby bright stars.,"Under a dark sky, look for a faint diffuse glow with a brighter central concentration; sky transparency is crucial.","Begin at low power to secure the galaxy, then increase magnification moderately to examine the core, elongation, and any visible structure."
bayer,α Scl,α Scl,Scl,2026-11-24,2026-W48-2,no,"Visible unaided from a reasonably dark site, but easier after full dark adaptation.",Binoculars isolate the star from the surrounding pattern and make star-hopping easier.,A telescope sharpens the local field and helps inspect nearby companions; the star itself remains an unresolved point of light.
bayer,β Phe,β Phe,Phe,2026-11-26,2026-W48-4,no,Readily visible unaided under ordinary dark-sky conditions; identify it from the surrounding constellation pattern.,Binoculars isolate the star from the surrounding pattern and make star-hopping easier.,A telescope sharpens the local field and helps inspect nearby companions; the star itself remains an unresolved point of light.
bayer,β And,β And — Mirach,And,2026-11-27,2026-W48-5,no,Readily visible unaided under ordinary dark-sky conditions; identify it from the surrounding constellation pattern.,Binoculars isolate the star from the surrounding pattern and make star-hopping easier.,A telescope sharpens the local field and helps inspect nearby companions; the star itself remains an unresolved point of light.
messier,M103,M103,Cas,2026-12-02,2026-W49-3,yes,Not normally a distinct naked-eye object; locate the surrounding constellation first.,"An excellent binocular target: the cluster separates from the field and its brightest members begin to stand out. The field lies within the Almanack's visible Milky Way boundary, so the background is especially star-rich.",Low to moderate power resolves many more members; use a wide field first so the cluster remains visually coherent.
messier,M33,M33 — Triangulum Galaxy,Tri,2026-12-02,2026-W49-3,no,"A demanding naked-eye target: exceptionally dark, transparent skies and averted vision are usually required.","Under a dark sky, look for a faint diffuse glow with a brighter central concentration; sky transparency is crucial.","Begin at low power to secure the galaxy, then increase magnification moderately to examine the core, elongation, and any visible structure."
bayer,α Eri,α Eri — Achernar,Eri,2026-12-03,2026-W49-4,no,Bright and easy to see unaided; use Achernar as a primary landmark for the surrounding constellation.,Binoculars isolate the star from the surrounding pattern and make star-hopping easier.,A telescope sharpens the local field and helps inspect nearby companions; the star itself remains an unresolved point of light.
messier,M74,M74,Psc,2026-12-03,2026-W49-4,no,Not normally visible to the unaided eye; begin with a star-hop from nearby bright stars.,"Under a dark sky, look for a faint diffuse glow with a brighter central concentration; sky transparency is crucial.","Begin at low power to secure the galaxy, then increase magnification moderately to examine the core, elongation, and any visible structure."
messier,M76,M76 — Little Dumbbell Nebula,Per,2026-12-04,2026-W49-5,yes,Not normally identifiable as a distinct object to the unaided eye.,"Usually stellar or nearly stellar in binoculars; careful comparison with nearby stars is the key. The field lies within the Almanack's visible Milky Way boundary, so the background is especially star-rich.",Moderate to high power reveals the small nebular disk or ring-like structure; a nebula filter can help separate it from the stellar field.
bayer,α Tri,α Tri — Mothallah,Tri,2026-12-07,2026-W50-1,no,Readily visible unaided under ordinary dark-sky conditions; identify it from the surrounding constellation pattern.,Binoculars isolate the star from the surrounding pattern and make star-hopping easier.,A telescope sharpens the local field and helps inspect nearby companions; the star itself remains an unresolved point of light.
bayer,β Ari,β Ari — Sheratan,Ari,2026-12-07,2026-W50-1,no,Readily visible unaided under ordinary dark-sky conditions; identify it from the surrounding constellation pattern.,Binoculars isolate the star from the surrounding pattern and make star-hopping easier.,A telescope sharpens the local field and helps inspect nearby companions; the star itself remains an unresolved point of light.
bayer,α Hyi,α Hyi — Head of Hydrus,Hyi,2026-12-08,2026-W50-2,no,Readily visible unaided under ordinary dark-sky conditions; identify it from the surrounding constellation pattern.,Binoculars isolate the star from the surrounding pattern and make star-hopping easier.,A telescope sharpens the local field and helps inspect nearby companions; the star itself remains an unresolved point of light.
bayer,α Psc,α Psc — Alrescha,Psc,2026-12-09,2026-W50-3,no,Readily visible unaided under ordinary dark-sky conditions; identify it from the surrounding constellation pattern.,Binoculars isolate the star from the surrounding pattern and make star-hopping easier.,A telescope sharpens the local field and helps inspect nearby companions; the star itself remains an unresolved point of light.
bayer,α Ari,α Ari — Hamal,Ari,2026-12-10,2026-W50-4,no,Bright and easy to see unaided; use Hamal as a primary landmark for the surrounding constellation.,Binoculars isolate the star from the surrounding pattern and make star-hopping easier.,A telescope sharpens the local field and helps inspect nearby companions; the star itself remains an unresolved point of light.
bayer,β Tri,β Tri,Tri,2026-12-10,2026-W50-4,no,Readily visible unaided under ordinary dark-sky conditions; identify it from the surrounding constellation pattern.,Binoculars isolate the star from the surrounding pattern and make star-hopping easier.,A telescope sharpens the local field and helps inspect nearby companions; the star itself remains an unresolved point of light.
bayer,α UMi,α UMi — Polaris,UMi,2026-12-16,2026-W51-3,no,Bright and easy to see unaided; use Polaris as a primary landmark for the surrounding constellation.,Binoculars isolate the star from the surrounding pattern and make star-hopping easier.,A telescope sharpens the local field and helps inspect nearby companions; the star itself remains an unresolved point of light.
messier,M34,M34,Per,2026-12-18,2026-W51-5,no,Possible unaided from a dark site as a faint unresolved patch; binoculars make identification much easier.,An excellent binocular target: the cluster separates from the field and its brightest members begin to stand out.,Low to moderate power resolves many more members; use a wide field first so the cluster remains visually coherent.
messier,M77,M77,Cet,2026-12-18,2026-W51-5,no,Not normally visible to the unaided eye; begin with a star-hop from nearby bright stars.,"Under a dark sky, look for a faint diffuse glow with a brighter central concentration; sky transparency is crucial.","Begin at low power to secure the galaxy, then increase magnification moderately to examine the core, elongation, and any visible structure."
bayer,β For,β For,For,2026-12-19,2026-W51-6,no,"Visible unaided from a reasonably dark site, but easier after full dark adaptation.",Binoculars isolate the star from the surrounding pattern and make star-hopping easier.,A telescope sharpens the local field and helps inspect nearby companions; the star itself remains an unresolved point of light.
bayer,α Cet,α Cet — Menkar,Cet,2026-12-22,2026-W52-2,no,Readily visible unaided under ordinary dark-sky conditions; identify it from the surrounding constellation pattern.,Binoculars isolate the star from the surrounding pattern and make star-hopping easier.,A telescope sharpens the local field and helps inspect nearby companions; the star itself remains an unresolved point of light.
bayer,β Hor,β Hor,Hor,2026-12-22,2026-W52-2,no,"Visible unaided from a reasonably dark site, but easier after full dark adaptation.",Binoculars isolate the star from the surrounding pattern and make star-hopping easier.,A telescope sharpens the local field and helps inspect nearby companions; the star itself remains an unresolved point of light.
bayer,β Per,β Per — Algol,Per,2026-12-24,2026-W52-4,no,Readily visible unaided under ordinary dark-sky conditions; identify it from the surrounding constellation pattern.,Binoculars isolate the star from the surrounding pattern and make star-hopping easier.,A telescope sharpens the local field and helps inspect nearby companions; the star itself remains an unresolved point of light.
bayer,α For,α For — Fornacis,For,2026-12-25,2026-W52-5,no,Readily visible unaided under ordinary dark-sky conditions; identify it from the surrounding constellation pattern.,Binoculars isolate the star from the surrounding pattern and make star-hopping easier.,A telescope sharpens the local field and helps inspect nearby companions; the star itself remains an unresolved point of light.
bayer,α Per,α Per — Mirfak,Per,2026-12-27,2026-W52-7,yes,Bright and easy to see unaided; use Mirfak as a primary landmark for the surrounding constellation.,"Binoculars isolate the star from the surrounding pattern and make star-hopping easier. The field lies within the Almanack's visible Milky Way boundary, so the background is especially star-rich.",A telescope sharpens the local field and helps inspect nearby companions; the star itself remains an unresolved point of light.
bayer,β Ret,β Ret,Ret,2027-01-01,2026-W53-5,no,Readily visible unaided under ordinary dark-sky conditions; identify it from the surrounding constellation pattern.,Binoculars isolate the star from the surrounding pattern and make star-hopping easier.,A telescope sharpens the local field and helps inspect nearby companions; the star itself remains an unresolved point of light.
